<tokens>
<keyword> class </keyword>
<identifier> Keyboard </identifier>
<symbol> { </symbol>
<keyword> function </keyword>
<keyword> void </keyword>
<identifier> init </identifier>
<symbol> ( </symbol>
<symbol> ) </symbol>
<symbol> { </symbol>
<keyword> return </keyword>
<symbol> ; </symbol>
<symbol> } </symbol>
<keyword> function </keyword>
<keyword> char </keyword>
<identifier> keyPressed </identifier>
<symbol> ( </symbol>
<symbol> ) </symbol>
<symbol> { </symbol>
<keyword> var </keyword>
<keyword> char </keyword>
<identifier> keyScanCode </identifier>
<symbol> ; </symbol>
<keyword> let </keyword>
<identifier> keyScanCode </identifier>
<symbol> = </symbol>
<identifier> Memory </identifier>
<symbol> . </symbol>
<identifier> peek </identifier>
<symbol> ( </symbol>
<integerConstant> 24576 </integerConstant>
<symbol> ) </symbol>
<symbol> ; </symbol>
<keyword> if </keyword>
<symbol> ( </symbol>
<symbol> ~ </symbol>
<symbol> ( </symbol>
<identifier> keyScanCode </identifier>
<symbol> = </symbol>
<integerConstant> 0 </integerConstant>
<symbol> ) </symbol>
<symbol> ) </symbol>
<symbol> { </symbol>
<keyword> return </keyword>
<identifier> keyScanCode </identifier>
<symbol> ; </symbol>
<symbol> } </symbol>
<keyword> else </keyword>
<symbol> { </symbol>
<keyword> return </keyword>
<integerConstant> 0 </integerConstant>
<symbol> ; </symbol>
<symbol> } </symbol>
<symbol> } </symbol>
<keyword> function </keyword>
<keyword> char </keyword>
<identifier> readChar </identifier>
<symbol> ( </symbol>
<symbol> ) </symbol>
<symbol> { </symbol>
<keyword> var </keyword>
<keyword> char </keyword>
<identifier> c </identifier>
<symbol> ; </symbol>
<keyword> do </keyword>
<identifier> Output </identifier>
<symbol> . </symbol>
<identifier> printChar </identifier>
<symbol> ( </symbol>
<integerConstant> 0 </integerConstant>
<symbol> ) </symbol>
<symbol> ; </symbol>
<keyword> while </keyword>
<symbol> ( </symbol>
<identifier> Keyboard </identifier>
<symbol> . </symbol>
<identifier> keyPressed </identifier>
<symbol> ( </symbol>
<symbol> ) </symbol>
<symbol> = </symbol>
<integerConstant> 0 </integerConstant>
<symbol> ) </symbol>
<symbol> { </symbol>
<symbol> } </symbol>
<keyword> let </keyword>
<identifier> c </identifier>
<symbol> = </symbol>
<identifier> Keyboard </identifier>
<symbol> . </symbol>
<identifier> keyPressed </identifier>
<symbol> ( </symbol>
<symbol> ) </symbol>
<symbol> ; </symbol>
<keyword> while </keyword>
<symbol> ( </symbol>
<symbol> ~ </symbol>
<symbol> ( </symbol>
<identifier> Keyboard </identifier>
<symbol> . </symbol>
<identifier> keyPressed </identifier>
<symbol> ( </symbol>
<symbol> ) </symbol>
<symbol> = </symbol>
<integerConstant> 0 </integerConstant>
<symbol> ) </symbol>
<symbol> ) </symbol>
<symbol> { </symbol>
<symbol> } </symbol>
<keyword> do </keyword>
<identifier> Output </identifier>
<symbol> . </symbol>
<identifier> backSpace </identifier>
<symbol> ( </symbol>
<symbol> ) </symbol>
<symbol> ; </symbol>
<keyword> do </keyword>
<identifier> Output </identifier>
<symbol> . </symbol>
<identifier> printChar </identifier>
<symbol> ( </symbol>
<identifier> c </identifier>
<symbol> ) </symbol>
<symbol> ; </symbol>
<keyword> return </keyword>
<identifier> c </identifier>
<symbol> ; </symbol>
<symbol> } </symbol>
<keyword> function </keyword>
<identifier> String </identifier>
<identifier> readLine </identifier>
<symbol> ( </symbol>
<identifier> String </identifier>
<identifier> message </identifier>
<symbol> ) </symbol>
<symbol> { </symbol>
<keyword> var </keyword>
<identifier> String </identifier>
<identifier> str </identifier>
<symbol> ; </symbol>
<keyword> var </keyword>
<keyword> char </keyword>
<identifier> newLine </identifier>
<symbol> , </symbol>
<identifier> c </identifier>
<symbol> ; </symbol>
<keyword> let </keyword>
<identifier> newLine </identifier>
<symbol> = </symbol>
<integerConstant> 128 </integerConstant>
<symbol> ; </symbol>
<keyword> let </keyword>
<identifier> c </identifier>
<symbol> = </symbol>
<integerConstant> 0 </integerConstant>
<symbol> ; </symbol>
<keyword> let </keyword>
<identifier> str </identifier>
<symbol> = </symbol>
<identifier> String </identifier>
<symbol> . </symbol>
<identifier> new </identifier>
<symbol> ( </symbol>
<integerConstant> 32 </integerConstant>
<symbol> ) </symbol>
<symbol> ; </symbol>
<keyword> do </keyword>
<identifier> Output </identifier>
<symbol> . </symbol>
<identifier> printString </identifier>
<symbol> ( </symbol>
<identifier> message </identifier>
<symbol> ) </symbol>
<symbol> ; </symbol>
<keyword> while </keyword>
<symbol> ( </symbol>
<symbol> ~ </symbol>
<symbol> ( </symbol>
<identifier> c </identifier>
<symbol> = </symbol>
<identifier> newLine </identifier>
<symbol> ) </symbol>
<symbol> ) </symbol>
<symbol> { </symbol>
<keyword> let </keyword>
<identifier> c </identifier>
<symbol> = </symbol>
<identifier> Keyboard </identifier>
<symbol> . </symbol>
<identifier> readChar </identifier>
<symbol> ( </symbol>
<symbol> ) </symbol>
<symbol> ; </symbol>
<keyword> if </keyword>
<symbol> ( </symbol>
<identifier> c </identifier>
<symbol> = </symbol>
<integerConstant> 129 </integerConstant>
<symbol> ) </symbol>
<symbol> { </symbol>
<keyword> if </keyword>
<symbol> ( </symbol>
<symbol> ~ </symbol>
<symbol> ( </symbol>
<identifier> str </identifier>
<symbol> . </symbol>
<identifier> length </identifier>
<symbol> ( </symbol>
<symbol> ) </symbol>
<symbol> = </symbol>
<integerConstant> 0 </integerConstant>
<symbol> ) </symbol>
<symbol> ) </symbol>
<symbol> { </symbol>
<keyword> do </keyword>
<identifier> Output </identifier>
<symbol> . </symbol>
<identifier> backSpace </identifier>
<symbol> ( </symbol>
<symbol> ) </symbol>
<symbol> ; </symbol>
<keyword> do </keyword>
<identifier> str </identifier>
<symbol> . </symbol>
<identifier> eraseLastChar </identifier>
<symbol> ( </symbol>
<symbol> ) </symbol>
<symbol> ; </symbol>
<symbol> } </symbol>
<symbol> } </symbol>
<keyword> if </keyword>
<symbol> ( </symbol>
<symbol> ( </symbol>
<symbol> ~ </symbol>
<symbol> ( </symbol>
<identifier> c </identifier>
<symbol> = </symbol>
<integerConstant> 129 </integerConstant>
<symbol> ) </symbol>
<symbol> ) </symbol>
<symbol> &amp; </symbol>
<symbol> ( </symbol>
<symbol> ~ </symbol>
<symbol> ( </symbol>
<identifier> c </identifier>
<symbol> = </symbol>
<identifier> newLine </identifier>
<symbol> ) </symbol>
<symbol> ) </symbol>
<symbol> ) </symbol>
<symbol> { </symbol>
<keyword> do </keyword>
<identifier> str </identifier>
<symbol> . </symbol>
<identifier> appendChar </identifier>
<symbol> ( </symbol>
<identifier> c </identifier>
<symbol> ) </symbol>
<symbol> ; </symbol>
<symbol> } </symbol>
<symbol> } </symbol>
<keyword> return </keyword>
<identifier> str </identifier>
<symbol> ; </symbol>
<symbol> } </symbol>
<keyword> function </keyword>
<keyword> int </keyword>
<identifier> readInt </identifier>
<symbol> ( </symbol>
<identifier> String </identifier>
<identifier> message </identifier>
<symbol> ) </symbol>
<symbol> { </symbol>
<keyword> var </keyword>
<identifier> String </identifier>
<identifier> str </identifier>
<symbol> ; </symbol>
<keyword> var </keyword>
<keyword> char </keyword>
<identifier> newLine </identifier>
<symbol> , </symbol>
<identifier> c </identifier>
<symbol> ; </symbol>
<keyword> let </keyword>
<identifier> newLine </identifier>
<symbol> = </symbol>
<integerConstant> 128 </integerConstant>
<symbol> ; </symbol>
<keyword> let </keyword>
<identifier> c </identifier>
<symbol> = </symbol>
<integerConstant> 0 </integerConstant>
<symbol> ; </symbol>
<keyword> let </keyword>
<identifier> str </identifier>
<symbol> = </symbol>
<identifier> String </identifier>
<symbol> . </symbol>
<identifier> new </identifier>
<symbol> ( </symbol>
<integerConstant> 32 </integerConstant>
<symbol> ) </symbol>
<symbol> ; </symbol>
<keyword> do </keyword>
<identifier> Output </identifier>
<symbol> . </symbol>
<identifier> printString </identifier>
<symbol> ( </symbol>
<identifier> message </identifier>
<symbol> ) </symbol>
<symbol> ; </symbol>
<keyword> while </keyword>
<symbol> ( </symbol>
<symbol> ~ </symbol>
<symbol> ( </symbol>
<identifier> c </identifier>
<symbol> = </symbol>
<identifier> newLine </identifier>
<symbol> ) </symbol>
<symbol> ) </symbol>
<symbol> { </symbol>
<keyword> let </keyword>
<identifier> c </identifier>
<symbol> = </symbol>
<identifier> Keyboard </identifier>
<symbol> . </symbol>
<identifier> readChar </identifier>
<symbol> ( </symbol>
<symbol> ) </symbol>
<symbol> ; </symbol>
<keyword> if </keyword>
<symbol> ( </symbol>
<identifier> c </identifier>
<symbol> = </symbol>
<integerConstant> 129 </integerConstant>
<symbol> ) </symbol>
<symbol> { </symbol>
<keyword> if </keyword>
<symbol> ( </symbol>
<symbol> ~ </symbol>
<symbol> ( </symbol>
<identifier> str </identifier>
<symbol> . </symbol>
<identifier> length </identifier>
<symbol> ( </symbol>
<symbol> ) </symbol>
<symbol> = </symbol>
<integerConstant> 0 </integerConstant>
<symbol> ) </symbol>
<symbol> ) </symbol>
<symbol> { </symbol>
<keyword> do </keyword>
<identifier> Output </identifier>
<symbol> . </symbol>
<identifier> backSpace </identifier>
<symbol> ( </symbol>
<symbol> ) </symbol>
<symbol> ; </symbol>
<keyword> do </keyword>
<identifier> str </identifier>
<symbol> . </symbol>
<identifier> eraseLastChar </identifier>
<symbol> ( </symbol>
<symbol> ) </symbol>
<symbol> ; </symbol>
<symbol> } </symbol>
<symbol> } </symbol>
<keyword> if </keyword>
<symbol> ( </symbol>
<symbol> ( </symbol>
<symbol> ~ </symbol>
<symbol> ( </symbol>
<identifier> c </identifier>
<symbol> = </symbol>
<integerConstant> 129 </integerConstant>
<symbol> ) </symbol>
<symbol> ) </symbol>
<symbol> &amp; </symbol>
<symbol> ( </symbol>
<symbol> ~ </symbol>
<symbol> ( </symbol>
<identifier> c </identifier>
<symbol> = </symbol>
<identifier> newLine </identifier>
<symbol> ) </symbol>
<symbol> ) </symbol>
<symbol> ) </symbol>
<symbol> { </symbol>
<keyword> do </keyword>
<identifier> str </identifier>
<symbol> . </symbol>
<identifier> appendChar </identifier>
<symbol> ( </symbol>
<identifier> c </identifier>
<symbol> ) </symbol>
<symbol> ; </symbol>
<symbol> } </symbol>
<symbol> } </symbol>
<keyword> return </keyword>
<identifier> str </identifier>
<symbol> . </symbol>
<identifier> intValue </identifier>
<symbol> ( </symbol>
<symbol> ) </symbol>
<symbol> ; </symbol>
<symbol> } </symbol>
<symbol> } </symbol>
</tokens>
