<class>
  <keyword> class </keyword>
  <identifier> Memory </identifier>
  <symbol> { </symbol>
  <classVarDec>
    <keyword> static </keyword>
    <keyword> int </keyword>
    <identifier> heapStart </identifier>
    <symbol> , </symbol>
    <identifier> heapEnd </identifier>
    <symbol> , </symbol>
    <identifier> heapLength </identifier>
    <symbol> ; </symbol>
  </classVarDec>
  <classVarDec>
    <keyword> static </keyword>
    <identifier> LinkedList </identifier>
    <identifier> freeList </identifier>
    <symbol> ; </symbol>
  </classVarDec>
  <classVarDec>
    <keyword> static </keyword>
    <identifier> Array </identifier>
    <identifier> RAM </identifier>
    <symbol> ; </symbol>
  </classVarDec>
  <classVarDec>
    <keyword> static </keyword>
    <keyword> int </keyword>
    <identifier> currentNullPointer </identifier>
    <symbol> ; </symbol>
  </classVarDec>
  <subroutineDec>
    <keyword> function </keyword>
    <keyword> void </keyword>
    <identifier> init </identifier>
    <symbol> ( </symbol>
    <parameterList>
    </parameterList>
    <symbol> ) </symbol>
    <subroutineBody>
      <symbol> { </symbol>
      <statements>
        <letStatement>
          <keyword> let </keyword>
          <identifier> RAM </identifier>
          <symbol> = </symbol>
          <expression>
            <term>
              <integerConstant> 0 </integerConstant>
            </term>
          </expression>
          <symbol> ; </symbol>
        </letStatement>
        <letStatement>
          <keyword> let </keyword>
          <identifier> heapStart </identifier>
          <symbol> = </symbol>
          <expression>
            <term>
              <integerConstant> 2048 </integerConstant>
            </term>
          </expression>
          <symbol> ; </symbol>
        </letStatement>
        <letStatement>
          <keyword> let </keyword>
          <identifier> heapEnd </identifier>
          <symbol> = </symbol>
          <expression>
            <term>
              <integerConstant> 16384 </integerConstant>
            </term>
          </expression>
          <symbol> ; </symbol>
        </letStatement>
        <letStatement>
          <keyword> let </keyword>
          <identifier> heapLength </identifier>
          <symbol> = </symbol>
          <expression>
            <term>
              <symbol> ( </symbol>
              <expression>
                <term>
                  <identifier> heapEnd </identifier>
                </term>
                <symbol> - </symbol>
                <term>
                  <identifier> heapStart </identifier>
                </term>
              </expression>
              <symbol> ) </symbol>
            </term>
          </expression>
          <symbol> ; </symbol>
        </letStatement>
        <letStatement>
          <keyword> let </keyword>
          <identifier> RAM </identifier>
          <symbol> [ </symbol>
          <expression>
            <term>
              <identifier> heapStart </identifier>
            </term>
          </expression>
          <symbol> ] </symbol>
          <symbol> = </symbol>
          <expression>
            <term>
              <identifier> heapLength </identifier>
            </term>
          </expression>
          <symbol> ; </symbol>
        </letStatement>
        <letStatement>
          <keyword> let </keyword>
          <identifier> RAM </identifier>
          <symbol> [ </symbol>
          <expression>
            <term>
              <identifier> heapStart </identifier>
            </term>
            <symbol> + </symbol>
            <term>
              <integerConstant> 1 </integerConstant>
            </term>
          </expression>
          <symbol> ] </symbol>
          <symbol> = </symbol>
          <expression>
            <term>
              <keyword> null </keyword>
            </term>
          </expression>
          <symbol> ; </symbol>
        </letStatement>
        <returnStatement>
          <keyword> return </keyword>
          <symbol> ; </symbol>
        </returnStatement>
      </statements>
      <symbol> } </symbol>
    </subroutineBody>
  </subroutineDec>
  <subroutineDec>
    <keyword> function </keyword>
    <keyword> int </keyword>
    <identifier> peek </identifier>
    <symbol> ( </symbol>
    <parameterList>
      <keyword> int </keyword>
      <identifier> address </identifier>
    </parameterList>
    <symbol> ) </symbol>
    <subroutineBody>
      <symbol> { </symbol>
      <statements>
        <returnStatement>
          <keyword> return </keyword>
          <expression>
            <term>
              <identifier> RAM </identifier>
              <symbol> [ </symbol>
              <expression>
                <term>
                  <identifier> address </identifier>
                </term>
              </expression>
              <symbol> ] </symbol>
            </term>
          </expression>
          <symbol> ; </symbol>
        </returnStatement>
      </statements>
      <symbol> } </symbol>
    </subroutineBody>
  </subroutineDec>
  <subroutineDec>
    <keyword> function </keyword>
    <keyword> void </keyword>
    <identifier> poke </identifier>
    <symbol> ( </symbol>
    <parameterList>
      <keyword> int </keyword>
      <identifier> address </identifier>
      <symbol> , </symbol>
      <keyword> int </keyword>
      <identifier> value </identifier>
    </parameterList>
    <symbol> ) </symbol>
    <subroutineBody>
      <symbol> { </symbol>
      <statements>
        <letStatement>
          <keyword> let </keyword>
          <identifier> RAM </identifier>
          <symbol> [ </symbol>
          <expression>
            <term>
              <identifier> address </identifier>
            </term>
          </expression>
          <symbol> ] </symbol>
          <symbol> = </symbol>
          <expression>
            <term>
              <identifier> value </identifier>
            </term>
          </expression>
          <symbol> ; </symbol>
        </letStatement>
        <returnStatement>
          <keyword> return </keyword>
          <symbol> ; </symbol>
        </returnStatement>
      </statements>
      <symbol> } </symbol>
    </subroutineBody>
  </subroutineDec>
  <subroutineDec>
    <keyword> function </keyword>
    <identifier> Array </identifier>
    <identifier> alloc </identifier>
    <symbol> ( </symbol>
    <parameterList>
      <keyword> int </keyword>
      <identifier> size </identifier>
    </parameterList>
    <symbol> ) </symbol>
    <subroutineBody>
      <symbol> { </symbol>
      <statements>
        <returnStatement>
          <keyword> return </keyword>
          <expression>
            <term>
              <identifier> Memory </identifier>
              <symbol> . </symbol>
              <identifier> allocRecursion </identifier>
              <symbol> ( </symbol>
              <expressionList>
                <expression>
                  <term>
                    <identifier> size </identifier>
                  </term>
                </expression>
                <symbol> , </symbol>
                <expression>
                  <term>
                    <identifier> heapStart </identifier>
                  </term>
                </expression>
              </expressionList>
              <symbol> ) </symbol>
            </term>
          </expression>
          <symbol> ; </symbol>
        </returnStatement>
      </statements>
      <symbol> } </symbol>
    </subroutineBody>
  </subroutineDec>
  <subroutineDec>
    <keyword> function </keyword>
    <identifier> Array </identifier>
    <identifier> allocRecursion </identifier>
    <symbol> ( </symbol>
    <parameterList>
      <keyword> int </keyword>
      <identifier> size </identifier>
      <symbol> , </symbol>
      <keyword> int </keyword>
      <identifier> currentPointer </identifier>
    </parameterList>
    <symbol> ) </symbol>
    <subroutineBody>
      <symbol> { </symbol>
      <varDec>
        <keyword> var </keyword>
        <keyword> int </keyword>
        <identifier> blockSize </identifier>
        <symbol> , </symbol>
        <identifier> nextPointer </identifier>
        <symbol> , </symbol>
        <identifier> updateCutBlockSize </identifier>
        <symbol> , </symbol>
        <identifier> newPointer </identifier>
        <symbol> ; </symbol>
      </varDec>
      <varDec>
        <keyword> var </keyword>
        <identifier> Array </identifier>
        <identifier> block </identifier>
        <symbol> ; </symbol>
      </varDec>
      <statements>
        <letStatement>
          <keyword> let </keyword>
          <identifier> blockSize </identifier>
          <symbol> = </symbol>
          <expression>
            <term>
              <identifier> RAM </identifier>
              <symbol> [ </symbol>
              <expression>
                <term>
                  <identifier> currentPointer </identifier>
                </term>
              </expression>
              <symbol> ] </symbol>
            </term>
          </expression>
          <symbol> ; </symbol>
        </letStatement>
        <letStatement>
          <keyword> let </keyword>
          <identifier> nextPointer </identifier>
          <symbol> = </symbol>
          <expression>
            <term>
              <identifier> RAM </identifier>
              <symbol> [ </symbol>
              <expression>
                <term>
                  <identifier> currentPointer </identifier>
                </term>
                <symbol> + </symbol>
                <term>
                  <integerConstant> 1 </integerConstant>
                </term>
              </expression>
              <symbol> ] </symbol>
            </term>
          </expression>
          <symbol> ; </symbol>
        </letStatement>
        <ifStatement>
          <keyword> if </keyword>
          <symbol> ( </symbol>
          <expression>
            <term>
              <identifier> blockSize </identifier>
            </term>
            <symbol> &gt; </symbol>
            <term>
              <identifier> size </identifier>
            </term>
          </expression>
          <symbol> ) </symbol>
          <symbol> { </symbol>
          <statements>
            <letStatement>
              <keyword> let </keyword>
              <identifier> updateCutBlockSize </identifier>
              <symbol> = </symbol>
              <expression>
                <term>
                  <identifier> blockSize </identifier>
                </term>
                <symbol> - </symbol>
                <term>
                  <identifier> size </identifier>
                </term>
                <symbol> - </symbol>
                <term>
                  <integerConstant> 1 </integerConstant>
                </term>
              </expression>
              <symbol> ; </symbol>
            </letStatement>
            <letStatement>
              <keyword> let </keyword>
              <identifier> RAM </identifier>
              <symbol> [ </symbol>
              <expression>
                <term>
                  <identifier> currentPointer </identifier>
                </term>
              </expression>
              <symbol> ] </symbol>
              <symbol> = </symbol>
              <expression>
                <term>
                  <identifier> updateCutBlockSize </identifier>
                </term>
              </expression>
              <symbol> ; </symbol>
            </letStatement>
            <letStatement>
              <keyword> let </keyword>
              <identifier> block </identifier>
              <symbol> = </symbol>
              <expression>
                <term>
                  <identifier> currentPointer </identifier>
                </term>
                <symbol> + </symbol>
                <term>
                  <identifier> updateCutBlockSize </identifier>
                </term>
                <symbol> + </symbol>
                <term>
                  <integerConstant> 1 </integerConstant>
                </term>
              </expression>
              <symbol> ; </symbol>
            </letStatement>
            <letStatement>
              <keyword> let </keyword>
              <identifier> block </identifier>
              <symbol> [ </symbol>
              <expression>
                <term>
                  <symbol> - </symbol>
                  <term>
                    <integerConstant> 1 </integerConstant>
                  </term>
                </term>
              </expression>
              <symbol> ] </symbol>
              <symbol> = </symbol>
              <expression>
                <term>
                  <identifier> size </identifier>
                </term>
                <symbol> + </symbol>
                <term>
                  <integerConstant> 1 </integerConstant>
                </term>
              </expression>
              <symbol> ; </symbol>
            </letStatement>
            <returnStatement>
              <keyword> return </keyword>
              <expression>
                <term>
                  <identifier> block </identifier>
                </term>
              </expression>
              <symbol> ; </symbol>
            </returnStatement>
          </statements>
          <symbol> } </symbol>
        </ifStatement>
        <ifStatement>
          <keyword> if </keyword>
          <symbol> ( </symbol>
          <expression>
            <term>
              <symbol> ~ </symbol>
              <term>
                <symbol> ( </symbol>
                <expression>
                  <term>
                    <identifier> RAM </identifier>
                    <symbol> [ </symbol>
                    <expression>
                      <term>
                        <identifier> currentPointer </identifier>
                      </term>
                      <symbol> + </symbol>
                      <term>
                        <integerConstant> 1 </integerConstant>
                      </term>
                    </expression>
                    <symbol> ] </symbol>
                  </term>
                  <symbol> = </symbol>
                  <term>
                    <keyword> null </keyword>
                  </term>
                </expression>
                <symbol> ) </symbol>
              </term>
            </term>
          </expression>
          <symbol> ) </symbol>
          <symbol> { </symbol>
          <statements>
            <doStatement>
              <keyword> do </keyword>
              <identifier> Memory </identifier>
              <symbol> . </symbol>
              <identifier> allocRecursion </identifier>
              <symbol> ( </symbol>
              <expressionList>
                <expression>
                  <term>
                    <identifier> size </identifier>
                  </term>
                </expression>
                <symbol> , </symbol>
                <expression>
                  <term>
                    <identifier> RAM </identifier>
                    <symbol> [ </symbol>
                    <expression>
                      <term>
                        <identifier> currentPointer </identifier>
                      </term>
                      <symbol> + </symbol>
                      <term>
                        <integerConstant> 1 </integerConstant>
                      </term>
                    </expression>
                    <symbol> ] </symbol>
                  </term>
                </expression>
              </expressionList>
              <symbol> ) </symbol>
              <symbol> ; </symbol>
            </doStatement>
          </statements>
          <symbol> } </symbol>
        </ifStatement>
        <doStatement>
          <keyword> do </keyword>
          <identifier> Memory </identifier>
          <symbol> . </symbol>
          <identifier> defragmentation </identifier>
          <symbol> ( </symbol>
          <expressionList>
            <expression>
              <term>
                <identifier> heapStart </identifier>
              </term>
            </expression>
          </expressionList>
          <symbol> ) </symbol>
          <symbol> ; </symbol>
        </doStatement>
        <returnStatement>
          <keyword> return </keyword>
          <expression>
            <term>
              <identifier> block </identifier>
            </term>
          </expression>
          <symbol> ; </symbol>
        </returnStatement>
      </statements>
      <symbol> } </symbol>
    </subroutineBody>
  </subroutineDec>
  <subroutineDec>
    <keyword> function </keyword>
    <keyword> void </keyword>
    <identifier> defragmentation </identifier>
    <symbol> ( </symbol>
    <parameterList>
      <keyword> int </keyword>
      <identifier> currentPointer </identifier>
    </parameterList>
    <symbol> ) </symbol>
    <subroutineBody>
      <symbol> { </symbol>
      <varDec>
        <keyword> var </keyword>
        <keyword> int </keyword>
        <identifier> nextPointer </identifier>
        <symbol> , </symbol>
        <identifier> currentBlockSize </identifier>
        <symbol> , </symbol>
        <identifier> blocktogethersize </identifier>
        <symbol> ; </symbol>
      </varDec>
      <statements>
        <letStatement>
          <keyword> let </keyword>
          <identifier> currentBlockSize </identifier>
          <symbol> = </symbol>
          <expression>
            <term>
              <identifier> RAM </identifier>
              <symbol> [ </symbol>
              <expression>
                <term>
                  <identifier> currentPointer </identifier>
                </term>
              </expression>
              <symbol> ] </symbol>
            </term>
          </expression>
          <symbol> ; </symbol>
        </letStatement>
        <letStatement>
          <keyword> let </keyword>
          <identifier> nextPointer </identifier>
          <symbol> = </symbol>
          <expression>
            <term>
              <identifier> RAM </identifier>
              <symbol> [ </symbol>
              <expression>
                <term>
                  <identifier> currentPointer </identifier>
                </term>
                <symbol> + </symbol>
                <term>
                  <integerConstant> 1 </integerConstant>
                </term>
              </expression>
              <symbol> ] </symbol>
            </term>
          </expression>
          <symbol> ; </symbol>
        </letStatement>
        <ifStatement>
          <keyword> if </keyword>
          <symbol> ( </symbol>
          <expression>
            <term>
              <symbol> ~ </symbol>
              <term>
                <symbol> ( </symbol>
                <expression>
                  <term>
                    <identifier> RAM </identifier>
                    <symbol> [ </symbol>
                    <expression>
                      <term>
                        <identifier> currentPointer </identifier>
                      </term>
                      <symbol> + </symbol>
                      <term>
                        <integerConstant> 1 </integerConstant>
                      </term>
                    </expression>
                    <symbol> ] </symbol>
                  </term>
                  <symbol> = </symbol>
                  <term>
                    <keyword> null </keyword>
                  </term>
                </expression>
                <symbol> ) </symbol>
              </term>
            </term>
          </expression>
          <symbol> ) </symbol>
          <symbol> { </symbol>
          <statements>
            <letStatement>
              <keyword> let </keyword>
              <identifier> blocktogethersize </identifier>
              <symbol> = </symbol>
              <expression>
                <term>
                  <identifier> currentPointer </identifier>
                </term>
                <symbol> + </symbol>
                <term>
                  <identifier> currentBlockSize </identifier>
                </term>
              </expression>
              <symbol> ; </symbol>
            </letStatement>
            <doStatement>
              <keyword> do </keyword>
              <identifier> Memory </identifier>
              <symbol> . </symbol>
              <identifier> defragmentationCheck </identifier>
              <symbol> ( </symbol>
              <expressionList>
                <expression>
                  <term>
                    <identifier> blocktogethersize </identifier>
                  </term>
                </expression>
                <symbol> , </symbol>
                <expression>
                  <term>
                    <identifier> currentPointer </identifier>
                  </term>
                </expression>
                <symbol> , </symbol>
                <expression>
                  <term>
                    <identifier> nextPointer </identifier>
                  </term>
                </expression>
              </expressionList>
              <symbol> ) </symbol>
              <symbol> ; </symbol>
            </doStatement>
            <doStatement>
              <keyword> do </keyword>
              <identifier> Memory </identifier>
              <symbol> . </symbol>
              <identifier> defragmentation </identifier>
              <symbol> ( </symbol>
              <expressionList>
                <expression>
                  <term>
                    <identifier> nextPointer </identifier>
                  </term>
                </expression>
              </expressionList>
              <symbol> ) </symbol>
              <symbol> ; </symbol>
            </doStatement>
          </statements>
          <symbol> } </symbol>
        </ifStatement>
        <returnStatement>
          <keyword> return </keyword>
          <symbol> ; </symbol>
        </returnStatement>
      </statements>
      <symbol> } </symbol>
    </subroutineBody>
  </subroutineDec>
  <subroutineDec>
    <keyword> function </keyword>
    <keyword> void </keyword>
    <identifier> defragmentationCheck </identifier>
    <symbol> ( </symbol>
    <parameterList>
      <keyword> int </keyword>
      <identifier> blocktogethersize </identifier>
      <symbol> , </symbol>
      <keyword> int </keyword>
      <identifier> checkPointer </identifier>
      <symbol> , </symbol>
      <keyword> int </keyword>
      <identifier> currentPointer </identifier>
    </parameterList>
    <symbol> ) </symbol>
    <subroutineBody>
      <symbol> { </symbol>
      <varDec>
        <keyword> var </keyword>
        <keyword> int </keyword>
        <identifier> nextPointer </identifier>
        <symbol> , </symbol>
        <identifier> currentBlockSize </identifier>
        <symbol> ; </symbol>
      </varDec>
      <varDec>
        <keyword> var </keyword>
        <keyword> int </keyword>
        <identifier> checkBlockSize </identifier>
        <symbol> ; </symbol>
      </varDec>
      <statements>
        <letStatement>
          <keyword> let </keyword>
          <identifier> nextPointer </identifier>
          <symbol> = </symbol>
          <expression>
            <term>
              <identifier> RAM </identifier>
              <symbol> [ </symbol>
              <expression>
                <term>
                  <identifier> currentPointer </identifier>
                </term>
                <symbol> + </symbol>
                <term>
                  <integerConstant> 1 </integerConstant>
                </term>
              </expression>
              <symbol> ] </symbol>
            </term>
          </expression>
          <symbol> ; </symbol>
        </letStatement>
        <ifStatement>
          <keyword> if </keyword>
          <symbol> ( </symbol>
          <expression>
            <term>
              <identifier> blocktogethersize </identifier>
            </term>
            <symbol> = </symbol>
            <term>
              <identifier> currentPointer </identifier>
            </term>
          </expression>
          <symbol> ) </symbol>
          <symbol> { </symbol>
          <statements>
            <letStatement>
              <keyword> let </keyword>
              <identifier> checkBlockSize </identifier>
              <symbol> = </symbol>
              <expression>
                <term>
                  <identifier> RAM </identifier>
                  <symbol> [ </symbol>
                  <expression>
                    <term>
                      <identifier> checkPointer </identifier>
                    </term>
                  </expression>
                  <symbol> ] </symbol>
                </term>
              </expression>
              <symbol> ; </symbol>
            </letStatement>
            <letStatement>
              <keyword> let </keyword>
              <identifier> currentBlockSize </identifier>
              <symbol> = </symbol>
              <expression>
                <term>
                  <identifier> RAM </identifier>
                  <symbol> [ </symbol>
                  <expression>
                    <term>
                      <identifier> currentPointer </identifier>
                    </term>
                  </expression>
                  <symbol> ] </symbol>
                </term>
              </expression>
              <symbol> ; </symbol>
            </letStatement>
            <letStatement>
              <keyword> let </keyword>
              <identifier> RAM </identifier>
              <symbol> [ </symbol>
              <expression>
                <term>
                  <identifier> checkPointer </identifier>
                </term>
              </expression>
              <symbol> ] </symbol>
              <symbol> = </symbol>
              <expression>
                <term>
                  <identifier> checkBlockSize </identifier>
                </term>
                <symbol> + </symbol>
                <term>
                  <identifier> currentBlockSize </identifier>
                </term>
              </expression>
              <symbol> ; </symbol>
            </letStatement>
            <letStatement>
              <keyword> let </keyword>
              <identifier> RAM </identifier>
              <symbol> [ </symbol>
              <expression>
                <term>
                  <identifier> checkPointer </identifier>
                </term>
                <symbol> + </symbol>
                <term>
                  <integerConstant> 1 </integerConstant>
                </term>
              </expression>
              <symbol> ] </symbol>
              <symbol> = </symbol>
              <expression>
                <term>
                  <identifier> RAM </identifier>
                  <symbol> [ </symbol>
                  <expression>
                    <term>
                      <identifier> currentPointer </identifier>
                    </term>
                    <symbol> + </symbol>
                    <term>
                      <integerConstant> 1 </integerConstant>
                    </term>
                  </expression>
                  <symbol> ] </symbol>
                </term>
              </expression>
              <symbol> ; </symbol>
            </letStatement>
          </statements>
          <symbol> } </symbol>
        </ifStatement>
        <ifStatement>
          <keyword> if </keyword>
          <symbol> ( </symbol>
          <expression>
            <term>
              <symbol> ~ </symbol>
              <term>
                <symbol> ( </symbol>
                <expression>
                  <term>
                    <identifier> RAM </identifier>
                    <symbol> [ </symbol>
                    <expression>
                      <term>
                        <identifier> currentPointer </identifier>
                      </term>
                      <symbol> + </symbol>
                      <term>
                        <integerConstant> 1 </integerConstant>
                      </term>
                    </expression>
                    <symbol> ] </symbol>
                  </term>
                  <symbol> = </symbol>
                  <term>
                    <keyword> null </keyword>
                  </term>
                </expression>
                <symbol> ) </symbol>
              </term>
            </term>
          </expression>
          <symbol> ) </symbol>
          <symbol> { </symbol>
          <statements>
            <doStatement>
              <keyword> do </keyword>
              <identifier> Memory </identifier>
              <symbol> . </symbol>
              <identifier> defragmentationCheck </identifier>
              <symbol> ( </symbol>
              <expressionList>
                <expression>
                  <term>
                    <identifier> blocktogethersize </identifier>
                  </term>
                </expression>
                <symbol> , </symbol>
                <expression>
                  <term>
                    <identifier> checkPointer </identifier>
                  </term>
                </expression>
                <symbol> , </symbol>
                <expression>
                  <term>
                    <identifier> nextPointer </identifier>
                  </term>
                </expression>
              </expressionList>
              <symbol> ) </symbol>
              <symbol> ; </symbol>
            </doStatement>
          </statements>
          <symbol> } </symbol>
        </ifStatement>
        <returnStatement>
          <keyword> return </keyword>
          <symbol> ; </symbol>
        </returnStatement>
      </statements>
      <symbol> } </symbol>
    </subroutineBody>
  </subroutineDec>
  <subroutineDec>
    <keyword> function </keyword>
    <keyword> void </keyword>
    <identifier> insert </identifier>
    <symbol> ( </symbol>
    <parameterList>
      <keyword> int </keyword>
      <identifier> currentPointer </identifier>
      <symbol> , </symbol>
      <keyword> int </keyword>
      <identifier> segmentPointer </identifier>
    </parameterList>
    <symbol> ) </symbol>
    <subroutineBody>
      <symbol> { </symbol>
      <varDec>
        <keyword> var </keyword>
        <keyword> int </keyword>
        <identifier> nextPointer </identifier>
        <symbol> ; </symbol>
      </varDec>
      <statements>
        <letStatement>
          <keyword> let </keyword>
          <identifier> nextPointer </identifier>
          <symbol> = </symbol>
          <expression>
            <term>
              <identifier> RAM </identifier>
              <symbol> [ </symbol>
              <expression>
                <term>
                  <identifier> currentPointer </identifier>
                </term>
                <symbol> + </symbol>
                <term>
                  <integerConstant> 1 </integerConstant>
                </term>
              </expression>
              <symbol> ] </symbol>
            </term>
          </expression>
          <symbol> ; </symbol>
        </letStatement>
        <ifStatement>
          <keyword> if </keyword>
          <symbol> ( </symbol>
          <expression>
            <term>
              <symbol> ~ </symbol>
              <term>
                <symbol> ( </symbol>
                <expression>
                  <term>
                    <identifier> RAM </identifier>
                    <symbol> [ </symbol>
                    <expression>
                      <term>
                        <identifier> currentPointer </identifier>
                      </term>
                      <symbol> + </symbol>
                      <term>
                        <integerConstant> 1 </integerConstant>
                      </term>
                    </expression>
                    <symbol> ] </symbol>
                  </term>
                  <symbol> = </symbol>
                  <term>
                    <keyword> null </keyword>
                  </term>
                </expression>
                <symbol> ) </symbol>
              </term>
            </term>
          </expression>
          <symbol> ) </symbol>
          <symbol> { </symbol>
          <statements>
            <doStatement>
              <keyword> do </keyword>
              <identifier> Memory </identifier>
              <symbol> . </symbol>
              <identifier> insert </identifier>
              <symbol> ( </symbol>
              <expressionList>
                <expression>
                  <term>
                    <identifier> nextPointer </identifier>
                  </term>
                </expression>
                <symbol> , </symbol>
                <expression>
                  <term>
                    <identifier> segmentPointer </identifier>
                  </term>
                </expression>
              </expressionList>
              <symbol> ) </symbol>
              <symbol> ; </symbol>
            </doStatement>
            <returnStatement>
              <keyword> return </keyword>
              <symbol> ; </symbol>
            </returnStatement>
          </statements>
          <symbol> } </symbol>
        </ifStatement>
        <letStatement>
          <keyword> let </keyword>
          <identifier> RAM </identifier>
          <symbol> [ </symbol>
          <expression>
            <term>
              <identifier> currentPointer </identifier>
            </term>
            <symbol> + </symbol>
            <term>
              <integerConstant> 1 </integerConstant>
            </term>
          </expression>
          <symbol> ] </symbol>
          <symbol> = </symbol>
          <expression>
            <term>
              <identifier> segmentPointer </identifier>
            </term>
          </expression>
          <symbol> ; </symbol>
        </letStatement>
        <letStatement>
          <keyword> let </keyword>
          <identifier> RAM </identifier>
          <symbol> [ </symbol>
          <expression>
            <term>
              <identifier> segmentPointer </identifier>
            </term>
            <symbol> + </symbol>
            <term>
              <integerConstant> 1 </integerConstant>
            </term>
          </expression>
          <symbol> ] </symbol>
          <symbol> = </symbol>
          <expression>
            <term>
              <keyword> null </keyword>
            </term>
          </expression>
          <symbol> ; </symbol>
        </letStatement>
        <returnStatement>
          <keyword> return </keyword>
          <symbol> ; </symbol>
        </returnStatement>
      </statements>
      <symbol> } </symbol>
    </subroutineBody>
  </subroutineDec>
  <subroutineDec>
    <keyword> function </keyword>
    <keyword> void </keyword>
    <identifier> deAlloc </identifier>
    <symbol> ( </symbol>
    <parameterList>
      <identifier> Array </identifier>
      <identifier> o </identifier>
    </parameterList>
    <symbol> ) </symbol>
    <subroutineBody>
      <symbol> { </symbol>
      <varDec>
        <keyword> var </keyword>
        <keyword> int </keyword>
        <identifier> segmentPointer </identifier>
        <symbol> , </symbol>
        <identifier> segmentLength </identifier>
        <symbol> ; </symbol>
      </varDec>
      <statements>
        <letStatement>
          <keyword> let </keyword>
          <identifier> segmentPointer </identifier>
          <symbol> = </symbol>
          <expression>
            <term>
              <identifier> o </identifier>
            </term>
            <symbol> - </symbol>
            <term>
              <integerConstant> 1 </integerConstant>
            </term>
          </expression>
          <symbol> ; </symbol>
        </letStatement>
        <letStatement>
          <keyword> let </keyword>
          <identifier> segmentLength </identifier>
          <symbol> = </symbol>
          <expression>
            <term>
              <identifier> o </identifier>
              <symbol> [ </symbol>
              <expression>
                <term>
                  <symbol> - </symbol>
                  <term>
                    <integerConstant> 1 </integerConstant>
                  </term>
                </term>
              </expression>
              <symbol> ] </symbol>
            </term>
          </expression>
          <symbol> ; </symbol>
        </letStatement>
        <doStatement>
          <keyword> do </keyword>
          <identifier> Memory </identifier>
          <symbol> . </symbol>
          <identifier> insert </identifier>
          <symbol> ( </symbol>
          <expressionList>
            <expression>
              <term>
                <identifier> heapStart </identifier>
              </term>
            </expression>
            <symbol> , </symbol>
            <expression>
              <term>
                <identifier> segmentPointer </identifier>
              </term>
            </expression>
          </expressionList>
          <symbol> ) </symbol>
          <symbol> ; </symbol>
        </doStatement>
        <returnStatement>
          <keyword> return </keyword>
          <symbol> ; </symbol>
        </returnStatement>
      </statements>
      <symbol> } </symbol>
    </subroutineBody>
  </subroutineDec>
  <symbol> } </symbol>
</class>
