<tokens>
<keyword> class </keyword>
<identifier> Array </identifier>
<symbol> { </symbol>
<keyword> function </keyword>
<identifier> Array </identifier>
<identifier> new </identifier>
<symbol> ( </symbol>
<keyword> int </keyword>
<identifier> size </identifier>
<symbol> ) </symbol>
<symbol> { </symbol>
<keyword> return </keyword>
<identifier> Memory </identifier>
<symbol> . </symbol>
<identifier> alloc </identifier>
<symbol> ( </symbol>
<identifier> size </identifier>
<symbol> ) </symbol>
<symbol> ; </symbol>
<symbol> } </symbol>
<keyword> method </keyword>
<keyword> void </keyword>
<identifier> dispose </identifier>
<symbol> ( </symbol>
<symbol> ) </symbol>
<symbol> { </symbol>
<keyword> do </keyword>
<identifier> Memory </identifier>
<symbol> . </symbol>
<identifier> deAlloc </identifier>
<symbol> ( </symbol>
<keyword> this </keyword>
<symbol> ) </symbol>
<symbol> ; </symbol>
<keyword> return </keyword>
<symbol> ; </symbol>
<symbol> } </symbol>
<symbol> } </symbol>
</tokens>
