<class>
  <keyword> class </keyword>
  <identifier> Array </identifier>
  <symbol> { </symbol>
  <subroutineDec>
    <keyword> function </keyword>
    <identifier> Array </identifier>
    <identifier> new </identifier>
    <symbol> ( </symbol>
    <parameterList>
      <keyword> int </keyword>
      <identifier> size </identifier>
    </parameterList>
    <symbol> ) </symbol>
    <subroutineBody>
      <symbol> { </symbol>
      <statements>
        <returnStatement>
          <keyword> return </keyword>
          <expression>
            <term>
              <identifier> Memory </identifier>
              <symbol> . </symbol>
              <identifier> alloc </identifier>
              <symbol> ( </symbol>
              <expressionList>
                <expression>
                  <term>
                    <identifier> size </identifier>
                  </term>
                </expression>
              </expressionList>
              <symbol> ) </symbol>
            </term>
          </expression>
          <symbol> ; </symbol>
        </returnStatement>
      </statements>
      <symbol> } </symbol>
    </subroutineBody>
  </subroutineDec>
  <subroutineDec>
    <keyword> method </keyword>
    <keyword> void </keyword>
    <identifier> dispose </identifier>
    <symbol> ( </symbol>
    <parameterList>
    </parameterList>
    <symbol> ) </symbol>
    <subroutineBody>
      <symbol> { </symbol>
      <statements>
        <doStatement>
          <keyword> do </keyword>
          <identifier> Memory </identifier>
          <symbol> . </symbol>
          <identifier> deAlloc </identifier>
          <symbol> ( </symbol>
          <expressionList>
            <expression>
              <term>
                <keyword> this </keyword>
              </term>
            </expression>
          </expressionList>
          <symbol> ) </symbol>
          <symbol> ; </symbol>
        </doStatement>
        <returnStatement>
          <keyword> return </keyword>
          <symbol> ; </symbol>
        </returnStatement>
      </statements>
      <symbol> } </symbol>
    </subroutineBody>
  </subroutineDec>
  <symbol> } </symbol>
</class>
