<tokens>
<keyword> class </keyword>
<identifier> String </identifier>
<symbol> { </symbol>
<keyword> field </keyword>
<identifier> Array </identifier>
<identifier> stringArray </identifier>
<symbol> ; </symbol>
<keyword> field </keyword>
<keyword> int </keyword>
<identifier> stringArrayPointer </identifier>
<symbol> ; </symbol>
<keyword> field </keyword>
<keyword> int </keyword>
<identifier> currentLetter </identifier>
<symbol> ; </symbol>
<keyword> field </keyword>
<keyword> int </keyword>
<identifier> stringLength </identifier>
<symbol> ; </symbol>
<keyword> static </keyword>
<keyword> boolean </keyword>
<identifier> negval </identifier>
<symbol> ; </symbol>
<keyword> static </keyword>
<identifier> Array </identifier>
<identifier> temp </identifier>
<symbol> ; </symbol>
<keyword> static </keyword>
<keyword> int </keyword>
<identifier> tempPointer </identifier>
<symbol> ; </symbol>
<keyword> constructor </keyword>
<identifier> String </identifier>
<identifier> new </identifier>
<symbol> ( </symbol>
<keyword> int </keyword>
<identifier> maxLength </identifier>
<symbol> ) </symbol>
<symbol> { </symbol>
<keyword> let </keyword>
<identifier> stringLength </identifier>
<symbol> = </symbol>
<identifier> maxLength </identifier>
<symbol> ; </symbol>
<keyword> let </keyword>
<identifier> stringArray </identifier>
<symbol> = </symbol>
<identifier> Array </identifier>
<symbol> . </symbol>
<identifier> new </identifier>
<symbol> ( </symbol>
<identifier> maxLength </identifier>
<symbol> + </symbol>
<integerConstant> 1 </integerConstant>
<symbol> ) </symbol>
<symbol> ; </symbol>
<keyword> let </keyword>
<identifier> stringArrayPointer </identifier>
<symbol> = </symbol>
<identifier> stringArray </identifier>
<symbol> ; </symbol>
<keyword> let </keyword>
<identifier> currentLetter </identifier>
<symbol> = </symbol>
<integerConstant> 0 </integerConstant>
<symbol> ; </symbol>
<keyword> let </keyword>
<identifier> temp </identifier>
<symbol> = </symbol>
<identifier> Array </identifier>
<symbol> . </symbol>
<identifier> new </identifier>
<symbol> ( </symbol>
<integerConstant> 100 </integerConstant>
<symbol> ) </symbol>
<symbol> ; </symbol>
<keyword> let </keyword>
<identifier> tempPointer </identifier>
<symbol> = </symbol>
<identifier> temp </identifier>
<symbol> ; </symbol>
<keyword> let </keyword>
<identifier> negval </identifier>
<symbol> = </symbol>
<keyword> false </keyword>
<symbol> ; </symbol>
<keyword> return </keyword>
<keyword> this </keyword>
<symbol> ; </symbol>
<symbol> } </symbol>
<keyword> method </keyword>
<keyword> void </keyword>
<identifier> dispose </identifier>
<symbol> ( </symbol>
<symbol> ) </symbol>
<symbol> { </symbol>
<keyword> do </keyword>
<identifier> stringArray </identifier>
<symbol> . </symbol>
<identifier> dispose </identifier>
<symbol> ( </symbol>
<symbol> ) </symbol>
<symbol> ; </symbol>
<keyword> return </keyword>
<symbol> ; </symbol>
<symbol> } </symbol>
<keyword> method </keyword>
<keyword> int </keyword>
<identifier> length </identifier>
<symbol> ( </symbol>
<symbol> ) </symbol>
<symbol> { </symbol>
<keyword> return </keyword>
<identifier> currentLetter </identifier>
<symbol> ; </symbol>
<symbol> } </symbol>
<keyword> method </keyword>
<keyword> char </keyword>
<identifier> charAt </identifier>
<symbol> ( </symbol>
<keyword> int </keyword>
<identifier> j </identifier>
<symbol> ) </symbol>
<symbol> { </symbol>
<keyword> var </keyword>
<keyword> char </keyword>
<identifier> tempChar </identifier>
<symbol> ; </symbol>
<keyword> let </keyword>
<identifier> tempChar </identifier>
<symbol> = </symbol>
<identifier> stringArray </identifier>
<symbol> [ </symbol>
<identifier> j </identifier>
<symbol> ] </symbol>
<symbol> ; </symbol>
<keyword> return </keyword>
<identifier> tempChar </identifier>
<symbol> ; </symbol>
<symbol> } </symbol>
<keyword> method </keyword>
<keyword> void </keyword>
<identifier> setCharAt </identifier>
<symbol> ( </symbol>
<keyword> int </keyword>
<identifier> j </identifier>
<symbol> , </symbol>
<keyword> char </keyword>
<identifier> c </identifier>
<symbol> ) </symbol>
<symbol> { </symbol>
<keyword> let </keyword>
<identifier> stringArray </identifier>
<symbol> [ </symbol>
<identifier> j </identifier>
<symbol> ] </symbol>
<symbol> = </symbol>
<identifier> c </identifier>
<symbol> ; </symbol>
<keyword> return </keyword>
<symbol> ; </symbol>
<symbol> } </symbol>
<keyword> method </keyword>
<identifier> String </identifier>
<identifier> appendChar </identifier>
<symbol> ( </symbol>
<keyword> char </keyword>
<identifier> c </identifier>
<symbol> ) </symbol>
<symbol> { </symbol>
<keyword> let </keyword>
<identifier> temp </identifier>
<symbol> = </symbol>
<identifier> stringArrayPointer </identifier>
<symbol> ; </symbol>
<keyword> let </keyword>
<identifier> temp </identifier>
<symbol> [ </symbol>
<identifier> currentLetter </identifier>
<symbol> ] </symbol>
<symbol> = </symbol>
<identifier> c </identifier>
<symbol> ; </symbol>
<keyword> let </keyword>
<identifier> currentLetter </identifier>
<symbol> = </symbol>
<identifier> currentLetter </identifier>
<symbol> + </symbol>
<integerConstant> 1 </integerConstant>
<symbol> ; </symbol>
<keyword> return </keyword>
<keyword> this </keyword>
<symbol> ; </symbol>
<symbol> } </symbol>
<keyword> method </keyword>
<keyword> void </keyword>
<identifier> eraseLastChar </identifier>
<symbol> ( </symbol>
<symbol> ) </symbol>
<symbol> { </symbol>
<keyword> let </keyword>
<identifier> stringArray </identifier>
<symbol> [ </symbol>
<identifier> currentLetter </identifier>
<symbol> ] </symbol>
<symbol> = </symbol>
<integerConstant> 0 </integerConstant>
<symbol> ; </symbol>
<keyword> let </keyword>
<identifier> currentLetter </identifier>
<symbol> = </symbol>
<identifier> currentLetter </identifier>
<symbol> - </symbol>
<integerConstant> 1 </integerConstant>
<symbol> ; </symbol>
<keyword> return </keyword>
<symbol> ; </symbol>
<symbol> } </symbol>
<keyword> function </keyword>
<keyword> int </keyword>
<identifier> intValDigit </identifier>
<symbol> ( </symbol>
<keyword> int </keyword>
<identifier> input </identifier>
<symbol> ) </symbol>
<symbol> { </symbol>
<keyword> return </keyword>
<identifier> input </identifier>
<symbol> + </symbol>
<integerConstant> 48 </integerConstant>
<symbol> ; </symbol>
<symbol> } </symbol>
<keyword> method </keyword>
<keyword> int </keyword>
<identifier> intValue </identifier>
<symbol> ( </symbol>
<symbol> ) </symbol>
<symbol> { </symbol>
<keyword> var </keyword>
<keyword> int </keyword>
<identifier> value </identifier>
<symbol> ; </symbol>
<keyword> var </keyword>
<keyword> int </keyword>
<identifier> i </identifier>
<symbol> , </symbol>
<identifier> d </identifier>
<symbol> ; </symbol>
<keyword> var </keyword>
<keyword> boolean </keyword>
<identifier> negval </identifier>
<symbol> ; </symbol>
<keyword> let </keyword>
<identifier> i </identifier>
<symbol> = </symbol>
<integerConstant> 0 </integerConstant>
<symbol> ; </symbol>
<keyword> if </keyword>
<symbol> ( </symbol>
<identifier> stringArray </identifier>
<symbol> [ </symbol>
<identifier> i </identifier>
<symbol> ] </symbol>
<symbol> = </symbol>
<integerConstant> 45 </integerConstant>
<symbol> ) </symbol>
<symbol> { </symbol>
<keyword> let </keyword>
<identifier> negval </identifier>
<symbol> = </symbol>
<keyword> true </keyword>
<symbol> ; </symbol>
<keyword> let </keyword>
<identifier> i </identifier>
<symbol> = </symbol>
<identifier> i </identifier>
<symbol> + </symbol>
<integerConstant> 1 </integerConstant>
<symbol> ; </symbol>
<symbol> } </symbol>
<keyword> while </keyword>
<symbol> ( </symbol>
<identifier> i </identifier>
<symbol> &lt; </symbol>
<identifier> currentLetter </identifier>
<symbol> ) </symbol>
<symbol> { </symbol>
<keyword> let </keyword>
<identifier> d </identifier>
<symbol> = </symbol>
<identifier> stringArray </identifier>
<symbol> [ </symbol>
<identifier> i </identifier>
<symbol> ] </symbol>
<symbol> - </symbol>
<integerConstant> 48 </integerConstant>
<symbol> ; </symbol>
<keyword> let </keyword>
<identifier> value </identifier>
<symbol> = </symbol>
<symbol> ( </symbol>
<identifier> value </identifier>
<symbol> * </symbol>
<integerConstant> 10 </integerConstant>
<symbol> ) </symbol>
<symbol> + </symbol>
<identifier> d </identifier>
<symbol> ; </symbol>
<keyword> let </keyword>
<identifier> i </identifier>
<symbol> = </symbol>
<identifier> i </identifier>
<symbol> + </symbol>
<integerConstant> 1 </integerConstant>
<symbol> ; </symbol>
<symbol> } </symbol>
<keyword> if </keyword>
<symbol> ( </symbol>
<identifier> negval </identifier>
<symbol> ) </symbol>
<symbol> { </symbol>
<keyword> return </keyword>
<identifier> value </identifier>
<symbol> * </symbol>
<symbol> - </symbol>
<integerConstant> 1 </integerConstant>
<symbol> ; </symbol>
<symbol> } </symbol>
<keyword> return </keyword>
<identifier> value </identifier>
<symbol> ; </symbol>
<symbol> } </symbol>
<keyword> function </keyword>
<keyword> int </keyword>
<identifier> digitsInInt </identifier>
<symbol> ( </symbol>
<keyword> int </keyword>
<identifier> value </identifier>
<symbol> ) </symbol>
<symbol> { </symbol>
<keyword> var </keyword>
<keyword> int </keyword>
<identifier> i </identifier>
<symbol> , </symbol>
<identifier> digit </identifier>
<symbol> ; </symbol>
<keyword> let </keyword>
<identifier> digit </identifier>
<symbol> = </symbol>
<integerConstant> 0 </integerConstant>
<symbol> ; </symbol>
<keyword> while </keyword>
<symbol> ( </symbol>
<identifier> value </identifier>
<symbol> &gt; </symbol>
<integerConstant> 0 </integerConstant>
<symbol> ) </symbol>
<symbol> { </symbol>
<keyword> let </keyword>
<identifier> value </identifier>
<symbol> = </symbol>
<identifier> value </identifier>
<symbol> / </symbol>
<integerConstant> 10 </integerConstant>
<symbol> ; </symbol>
<keyword> let </keyword>
<identifier> digit </identifier>
<symbol> = </symbol>
<identifier> digit </identifier>
<symbol> + </symbol>
<integerConstant> 1 </integerConstant>
<symbol> ; </symbol>
<symbol> } </symbol>
<keyword> return </keyword>
<identifier> digit </identifier>
<symbol> ; </symbol>
<symbol> } </symbol>
<keyword> method </keyword>
<keyword> void </keyword>
<identifier> setInt </identifier>
<symbol> ( </symbol>
<keyword> int </keyword>
<identifier> val </identifier>
<symbol> ) </symbol>
<symbol> { </symbol>
<keyword> var </keyword>
<keyword> int </keyword>
<identifier> lastDigit </identifier>
<symbol> ; </symbol>
<keyword> var </keyword>
<keyword> char </keyword>
<identifier> c </identifier>
<symbol> ; </symbol>
<keyword> var </keyword>
<keyword> char </keyword>
<identifier> tempChar </identifier>
<symbol> ; </symbol>
<keyword> let </keyword>
<identifier> currentLetter </identifier>
<symbol> = </symbol>
<integerConstant> 0 </integerConstant>
<symbol> ; </symbol>
<keyword> if </keyword>
<symbol> ( </symbol>
<identifier> val </identifier>
<symbol> &lt; </symbol>
<integerConstant> 0 </integerConstant>
<symbol> ) </symbol>
<symbol> { </symbol>
<keyword> let </keyword>
<identifier> negval </identifier>
<symbol> = </symbol>
<keyword> true </keyword>
<symbol> ; </symbol>
<keyword> let </keyword>
<identifier> val </identifier>
<symbol> = </symbol>
<identifier> val </identifier>
<symbol> * </symbol>
<symbol> ( </symbol>
<symbol> - </symbol>
<integerConstant> 1 </integerConstant>
<symbol> ) </symbol>
<symbol> ; </symbol>
<symbol> } </symbol>
<keyword> let </keyword>
<identifier> lastDigit </identifier>
<symbol> = </symbol>
<identifier> String </identifier>
<symbol> . </symbol>
<identifier> mod </identifier>
<symbol> ( </symbol>
<identifier> val </identifier>
<symbol> , </symbol>
<integerConstant> 10 </integerConstant>
<symbol> ) </symbol>
<symbol> ; </symbol>
<keyword> let </keyword>
<identifier> c </identifier>
<symbol> = </symbol>
<identifier> String </identifier>
<symbol> . </symbol>
<identifier> intValDigit </identifier>
<symbol> ( </symbol>
<identifier> lastDigit </identifier>
<symbol> ) </symbol>
<symbol> ; </symbol>
<keyword> if </keyword>
<symbol> ( </symbol>
<identifier> val </identifier>
<symbol> &lt; </symbol>
<integerConstant> 10 </integerConstant>
<symbol> ) </symbol>
<symbol> { </symbol>
<keyword> if </keyword>
<symbol> ( </symbol>
<identifier> negval </identifier>
<symbol> ) </symbol>
<symbol> { </symbol>
<keyword> do </keyword>
<identifier> appendChar </identifier>
<symbol> ( </symbol>
<integerConstant> 45 </integerConstant>
<symbol> ) </symbol>
<symbol> ; </symbol>
<symbol> } </symbol>
<keyword> do </keyword>
<identifier> appendChar </identifier>
<symbol> ( </symbol>
<identifier> c </identifier>
<symbol> ) </symbol>
<symbol> ; </symbol>
<symbol> } </symbol>
<keyword> else </keyword>
<symbol> { </symbol>
<keyword> do </keyword>
<identifier> setInt </identifier>
<symbol> ( </symbol>
<identifier> val </identifier>
<symbol> / </symbol>
<integerConstant> 10 </integerConstant>
<symbol> ) </symbol>
<symbol> ; </symbol>
<keyword> do </keyword>
<identifier> appendChar </identifier>
<symbol> ( </symbol>
<identifier> c </identifier>
<symbol> ) </symbol>
<symbol> ; </symbol>
<symbol> } </symbol>
<keyword> return </keyword>
<symbol> ; </symbol>
<symbol> } </symbol>
<keyword> function </keyword>
<keyword> int </keyword>
<identifier> mod </identifier>
<symbol> ( </symbol>
<keyword> int </keyword>
<identifier> value </identifier>
<symbol> , </symbol>
<keyword> int </keyword>
<identifier> divededBy </identifier>
<symbol> ) </symbol>
<symbol> { </symbol>
<keyword> var </keyword>
<keyword> int </keyword>
<identifier> i </identifier>
<symbol> , </symbol>
<identifier> remainder </identifier>
<symbol> ; </symbol>
<keyword> let </keyword>
<identifier> i </identifier>
<symbol> = </symbol>
<integerConstant> 0 </integerConstant>
<symbol> ; </symbol>
<keyword> let </keyword>
<identifier> remainder </identifier>
<symbol> = </symbol>
<identifier> value </identifier>
<symbol> ; </symbol>
<keyword> while </keyword>
<symbol> ( </symbol>
<symbol> ( </symbol>
<identifier> remainder </identifier>
<symbol> ) </symbol>
<symbol> &gt; </symbol>
<symbol> ( </symbol>
<identifier> divededBy </identifier>
<symbol> - </symbol>
<integerConstant> 1 </integerConstant>
<symbol> ) </symbol>
<symbol> ) </symbol>
<symbol> { </symbol>
<keyword> if </keyword>
<symbol> ( </symbol>
<identifier> divededBy </identifier>
<symbol> = </symbol>
<identifier> remainder </identifier>
<symbol> ) </symbol>
<symbol> { </symbol>
<keyword> let </keyword>
<identifier> remainder </identifier>
<symbol> = </symbol>
<integerConstant> 0 </integerConstant>
<symbol> ; </symbol>
<keyword> return </keyword>
<identifier> remainder </identifier>
<symbol> ; </symbol>
<symbol> } </symbol>
<keyword> else </keyword>
<symbol> { </symbol>
<keyword> let </keyword>
<identifier> remainder </identifier>
<symbol> = </symbol>
<identifier> remainder </identifier>
<symbol> - </symbol>
<identifier> divededBy </identifier>
<symbol> ; </symbol>
<symbol> } </symbol>
<symbol> } </symbol>
<keyword> return </keyword>
<identifier> remainder </identifier>
<symbol> ; </symbol>
<symbol> } </symbol>
<keyword> function </keyword>
<keyword> char </keyword>
<identifier> newLine </identifier>
<symbol> ( </symbol>
<symbol> ) </symbol>
<symbol> { </symbol>
<keyword> return </keyword>
<integerConstant> 128 </integerConstant>
<symbol> ; </symbol>
<symbol> } </symbol>
<keyword> function </keyword>
<keyword> char </keyword>
<identifier> backSpace </identifier>
<symbol> ( </symbol>
<symbol> ) </symbol>
<symbol> { </symbol>
<keyword> return </keyword>
<integerConstant> 129 </integerConstant>
<symbol> ; </symbol>
<symbol> } </symbol>
<keyword> function </keyword>
<keyword> char </keyword>
<identifier> doubleQuote </identifier>
<symbol> ( </symbol>
<symbol> ) </symbol>
<symbol> { </symbol>
<keyword> return </keyword>
<integerConstant> 34 </integerConstant>
<symbol> ; </symbol>
<symbol> } </symbol>
<symbol> } </symbol>
</tokens>
