<tokens>
<keyword> class </keyword>
<identifier> Sys </identifier>
<symbol> { </symbol>
<keyword> function </keyword>
<keyword> void </keyword>
<identifier> init </identifier>
<symbol> ( </symbol>
<symbol> ) </symbol>
<symbol> { </symbol>
<keyword> do </keyword>
<identifier> Memory </identifier>
<symbol> . </symbol>
<identifier> init </identifier>
<symbol> ( </symbol>
<symbol> ) </symbol>
<symbol> ; </symbol>
<keyword> do </keyword>
<identifier> Math </identifier>
<symbol> . </symbol>
<identifier> init </identifier>
<symbol> ( </symbol>
<symbol> ) </symbol>
<symbol> ; </symbol>
<keyword> do </keyword>
<identifier> Screen </identifier>
<symbol> . </symbol>
<identifier> init </identifier>
<symbol> ( </symbol>
<symbol> ) </symbol>
<symbol> ; </symbol>
<keyword> do </keyword>
<identifier> Output </identifier>
<symbol> . </symbol>
<identifier> init </identifier>
<symbol> ( </symbol>
<symbol> ) </symbol>
<symbol> ; </symbol>
<keyword> do </keyword>
<identifier> Keyboard </identifier>
<symbol> . </symbol>
<identifier> init </identifier>
<symbol> ( </symbol>
<symbol> ) </symbol>
<symbol> ; </symbol>
<keyword> do </keyword>
<identifier> Main </identifier>
<symbol> . </symbol>
<identifier> main </identifier>
<symbol> ( </symbol>
<symbol> ) </symbol>
<symbol> ; </symbol>
<keyword> do </keyword>
<identifier> Sys </identifier>
<symbol> . </symbol>
<identifier> halt </identifier>
<symbol> ( </symbol>
<symbol> ) </symbol>
<symbol> ; </symbol>
<keyword> return </keyword>
<symbol> ; </symbol>
<symbol> } </symbol>
<keyword> function </keyword>
<keyword> void </keyword>
<identifier> halt </identifier>
<symbol> ( </symbol>
<symbol> ) </symbol>
<symbol> { </symbol>
<keyword> while </keyword>
<symbol> ( </symbol>
<integerConstant> 1 </integerConstant>
<symbol> &lt; </symbol>
<integerConstant> 2 </integerConstant>
<symbol> ) </symbol>
<symbol> { </symbol>
<symbol> } </symbol>
<keyword> return </keyword>
<symbol> ; </symbol>
<symbol> } </symbol>
<keyword> function </keyword>
<keyword> void </keyword>
<identifier> wait </identifier>
<symbol> ( </symbol>
<keyword> int </keyword>
<identifier> duration </identifier>
<symbol> ) </symbol>
<symbol> { </symbol>
<keyword> var </keyword>
<keyword> int </keyword>
<identifier> start </identifier>
<symbol> , </symbol>
<identifier> finish </identifier>
<symbol> ; </symbol>
<keyword> let </keyword>
<identifier> start </identifier>
<symbol> = </symbol>
<integerConstant> 0 </integerConstant>
<symbol> ; </symbol>
<keyword> let </keyword>
<identifier> finish </identifier>
<symbol> = </symbol>
<integerConstant> 5000 </integerConstant>
<symbol> ; </symbol>
<keyword> while </keyword>
<symbol> ( </symbol>
<identifier> start </identifier>
<symbol> &lt; </symbol>
<identifier> finish </identifier>
<symbol> ) </symbol>
<symbol> { </symbol>
<keyword> let </keyword>
<identifier> start </identifier>
<symbol> = </symbol>
<identifier> start </identifier>
<symbol> + </symbol>
<integerConstant> 1 </integerConstant>
<symbol> ; </symbol>
<symbol> } </symbol>
<keyword> return </keyword>
<symbol> ; </symbol>
<symbol> } </symbol>
<keyword> function </keyword>
<keyword> void </keyword>
<identifier> error </identifier>
<symbol> ( </symbol>
<keyword> int </keyword>
<identifier> errorCode </identifier>
<symbol> ) </symbol>
<symbol> { </symbol>
<keyword> do </keyword>
<identifier> Output </identifier>
<symbol> . </symbol>
<identifier> printString </identifier>
<symbol> ( </symbol>
<stringConstant> ERR  </stringConstant>
<symbol> ) </symbol>
<symbol> ; </symbol>
<keyword> do </keyword>
<identifier> Output </identifier>
<symbol> . </symbol>
<identifier> printInt </identifier>
<symbol> ( </symbol>
<identifier> errorCode </identifier>
<symbol> ) </symbol>
<symbol> ; </symbol>
<keyword> do </keyword>
<identifier> Sys </identifier>
<symbol> . </symbol>
<identifier> halt </identifier>
<symbol> ( </symbol>
<symbol> ) </symbol>
<symbol> ; </symbol>
<keyword> return </keyword>
<symbol> ; </symbol>
<symbol> } </symbol>
<symbol> } </symbol>
</tokens>
